winnuix,liangchenghui,I3WABC,2021-06-19T19:28:02+08:00
dohappy_708,kingxian,I3W9V5,2021-06-19T16:38:06+08:00
shuzigood,shuzigood,I3W903,2021-06-19T11:44:24+08:00
yanghaitao1,yanghaitao1,I3W6C7,2021-06-18T16:20:33+08:00
zyhstack,zyhstack,I3W68M,2021-06-18T16:15:28+08:00
jojobugfree,jojobugfree,I3W4U0,2021-06-18T14:10:43+08:00
menkeyi,c_34,I3W1WH,2021-06-18T11:32:15+08:00
stevenwu81,zhoufeng54,I3W1E0,2021-06-19T10:56:31+08:00
wangrao124,wangrao124,I3VXOY,2021-06-19T10:53:19+08:00
hwyyj,gxiang27,I3VQ17,2021-06-16T11:46:59+08:00
chen-xin2021,c_34,I3VMNO,2021-06-16T11:50:10+08:00
jeff_ma,jonyguo,I3VM7E,2021-06-16T11:50:26+08:00
chenfei52,wuxuejian,I3VKC9,2021-06-16T14:36:49+08:00
chenfei52,zh_qh,I3VK4Z,2021-06-15T11:23:04+08:00
wangchengyuan,wangchengyuan,I3VIME,2021-06-15T11:02:18+08:00
fenglin99,zh_qh,I3VHLN,2021-06-15T14:27:21+08:00
ZJUTER0126,ZJUTER0126,I3VHEG,2021-06-15T09:37:43+08:00
ZJUTER0126,ZJUTER0126,I3VHED,2021-06-14T13:06:11+08:00
ms_yan,ms_yan,I3VH3I,2021-06-15T10:37:25+08:00
ms_yan,ms_yan,I3VH38,2021-06-15T10:31:19+08:00
ms_yan,ms_yan,I3VH32,2021-06-17T22:17:59+08:00
ms_yan,tiancixiao,I3VH2G,2021-06-15T10:28:30+08:00
fenglin99,chujinjin,I3VGK0,2021-06-15T14:27:56+08:00
dcklin,c_34,I3VE9G,2021-06-18T19:15:07+08:00
yanghaitao1,yanghaitao1,I3VD97,2021-06-11T16:32:52+08:00
laicheng,kingxian,I3VB7U,2021-06-15T10:00:01+08:00
chengxb7532,chengxb7532,I3V9U8,2021-06-11T15:04:26+08:00
ms_yan,kingxian,I3V8PY,2021-06-10T19:09:58+08:00
lvyufeng,liangchenghui,I3V806,2021-06-10T17:45:30+08:00
xiefangqi,xiefangqi,I3V71Y,2021-06-10T16:26:33+08:00
zhangbuxue,zhangbuxue,I3V6KU,2021-06-10T14:58:48+08:00
wangnan39,wangnan39,I3V6H2,2021-06-10T14:55:19+08:00
zxyhku,wang_zi_dong,I3V4SX,2021-06-15T14:28:55+08:00
wenfangpei,wenfangpei,I3V453,2021-06-11T10:24:47+08:00
looop5,looop5,I3V2U8,2021-06-09T19:51:05+08:00
chenlei_autodiff,dayschan,I3V25A,2021-06-18T11:07:44+08:00
menkeyi,jonyguo,I3V233,2021-06-11T09:34:58+08:00
alouhahahahaha,alouhahahahaha,I3V1RD,2021-06-09T17:03:07+08:00
chenlei_autodiff,chenlei_autodiff,I3V154,2021-06-15T10:48:11+08:00
wwloong,changzherui,I3UZ3E,2021-06-11T12:02:37+08:00
zhangbuxue,zhangbuxue,I3UYGJ,2021-06-10T16:22:13+08:00
zhangbuxue,zhangbuxue,I3UYFV,2021-06-09T10:23:51+08:00
oyjxer,zhoufeng54,I3UW1B,2021-06-19T14:05:47+08:00
jiaoy1224,jiaoy1224,I3UU8I,2021-06-09T11:45:13+08:00
wu_tian_yu9,changzherui,I3USA2,2021-06-15T09:54:17+08:00
liangchenghui,liangchenghui,I3UEHL,2021-06-06T22:55:17+08:00
laicheng,jonyguo,I3UDHH,2021-06-07T11:48:11+08:00
lvyufeng,c_34,I3UC1Z,2021-06-04T18:16:39+08:00
laiyongqiang,laiyongqiang,I3UBDR,2021-06-04T11:09:24+08:00
stevenwu81,zhao_ting_v,I3UBBU,2021-06-09T09:49:00+08:00
tina_mengting_zhang,tina_mengting_zhang,I3U9TV,2021-06-09T00:20:41+08:00
tronzhang,tronzhang,I3U8KJ,2021-06-07T21:05:19+08:00
mengyuanli,mengyuanli,I3U43I,2021-06-03T09:43:24+08:00
ouwenchang,gxiang27,I3U3VN,2021-06-03T11:47:02+08:00
jiang_botian,zh_qh,I3U333,2021-06-03T17:52:06+08:00
tjuyuyang,zhoufeng54,I3U2QP,2021-06-02T18:28:42+08:00
gaoxiong1,gaoxiong1,I3U1MF,2021-06-08T21:00:31+08:00
bravozyz,jonyguo,I3TR9H,2021-06-03T11:17:00+08:00
jack_leekiller,lzkcode,I3TPZ7,2021-06-01T15:52:48+08:00
ye12121,dylangeng,I3TOIZ,2021-06-08T17:06:24+08:00
jiaoy1224,jiaoy1224,I3TH8W,2021-06-10T10:30:03+08:00
shen_jingxing,shen_jingxing,I3TGQF,2021-06-03T11:27:55+08:00
yeyunpeng2020,yeyunpeng2020,I3TGG5,2021-06-18T14:03:28+08:00
ZenoTan,c_34,I3TGAE,2021-05-31T16:53:46+08:00
wittlu,c_34,I3TG9V,2021-06-03T11:25:05+08:00
wittlu,c_34,I3TG9N,2021-06-03T10:30:31+08:00
xx205,wangnan39,I3TFUX,2021-06-03T11:24:41+08:00
ziruiwu,ziruiwu,I3TFI8,2021-06-03T11:27:00+08:00
wittlu,c_34,I3TDJV,2021-06-03T11:25:25+08:00
shen_jingxing,shen_jingxing,I3TD3S,2021-06-03T11:29:01+08:00
shen_jingxing,shen_jingxing,I3TAWH,2021-05-28T10:43:49+08:00
wittlu,c_34,I3T80N,2021-06-03T11:30:49+08:00
xiefangqi,xiefangqi,I3T518,2021-06-10T11:09:32+08:00
zhouyifengCode,cheng_xiaoli,I3T2QL,2021-06-05T17:23:16+08:00
zhouyifengCode,cheng_xiaoli,I3T2PY,2021-06-05T17:35:52+08:00
ddwsky,ddwsky,I3T1MW,2021-06-03T11:32:27+08:00
shen_jingxing,shen_jingxing,I3T1LI,2021-05-31T19:43:19+08:00
zhao_ting_v,zhao_ting_v,I3T15H,2021-06-02T11:26:35+08:00
wang_zi_dong,liangchenghui,I3SX8U,2021-05-28T20:49:00+08:00
stevenwu81,huaweib,I3SUZL,2021-06-04T11:03:33+08:00
xiefangqi,xiefangqi,I3SSOU,2021-05-25T14:37:47+08:00
william_lzw,c_34,I3SRYJ,2021-05-25T14:35:39+08:00
clement_li,clement_li,I3SRHM,2021-06-03T14:39:04+08:00
ydwu4,liangchenghui,I3SQZI,2021-05-25T11:26:30+08:00
cdshilei,nicholas_yhr,I3SOCT,2021-05-31T15:40:31+08:00
shen_jingxing,shen_jingxing,I3SM51,2021-05-25T08:56:10+08:00
wangcong666,wangcong666,I3SGR5,2021-05-31T19:30:05+08:00
wu_tian_yu9,zjun3021,I3SEY3,2021-06-11T11:02:36+08:00
lzkcode,zhaizhiqiang,I3SE1A,2021-05-25T00:01:35+08:00
zhuikefeng,wilfchen,I3SDWX,2021-06-01T19:57:50+08:00
ydwu4,zh_qh,I3SCF8,2021-05-29T17:36:12+08:00
chenfei52,chenfei52,I3SBOC,2021-05-27T19:53:08+08:00
hangangqiang,hangangqiang,I3SAPK,2021-06-18T17:06:53+08:00
clement_li,jonyguo,I3S6Y5,2021-05-20T17:08:03+08:00
lvmingfu,wuxuejian,I3S5TS,2021-05-21T10:23:08+08:00
zhangyinxia,zhangyinxia,I3S5TP,2021-05-25T00:11:32+08:00
xiaoqiao12345,fan-jibin,I3S5KP,2021-05-31T11:15:44+08:00
relaxhan,jonyguo,I3S0D5,2021-05-24T23:47:08+08:00
wangnan39,kingxian,I3RVQG,2021-05-24T23:50:47+08:00
dechin,changzherui,I3ROSI,2021-06-02T14:30:52+08:00
yyk6834,changzherui,I3RMRV,2021-05-29T11:41:02+08:00
liyanjun10,gemini524,I3RM1G,2021-05-25T17:24:11+08:00
yoonlee666,youui,I3RLS2,2021-05-25T11:13:12+08:00
wangxiaowen1211,wuxuejian,I3RKNO,2021-05-31T19:57:39+08:00
jialing-cv,wukesong,I3RK8O,2021-05-26T13:36:07+08:00
liu09114,jonyguo,I3RK6K,2021-05-17T11:03:08+08:00
yexijoe,liangchenghui,I3RFSM,2021-05-31T21:57:33+08:00
xiaoda_zh,xiaoda_zh,I3RDNV,2021-05-24T23:32:54+08:00
zhou1231,jonyguo,I3RD11,2021-05-24T23:34:58+08:00
dayschan,dayschan,I3RCWT,2021-06-07T10:08:23+08:00
yan-dasen,dylangeng,I3R40F,2021-05-26T22:17:04+08:00
zhu-jianpeng,changzherui,I3QWQF,2021-06-01T20:01:35+08:00
null_866_2628,zh_qh,I3QWJC,2021-05-29T16:19:39+08:00
mengyuanli,mengyuanli,I3QW44,2021-05-24T23:45:17+08:00
xiefangqi,xiefangqi,I3QNFI,2021-05-24T23:46:17+08:00
liuyang_655,liuyang_655,I3QLJG,2021-05-24T23:21:19+08:00
liuyang_655,liuyang_655,I3QLIT,2021-05-11T10:18:26+08:00
jiaweizhuang,youui,I3QLGB,2021-05-29T16:01:03+08:00
liuyang_655,liuyang_655,I3QL91,2021-05-11T10:18:59+08:00
huangbingjian,huangbingjian,I3QK5L,2021-05-24T23:23:33+08:00
warrior0,liangchenghui,I3QFEM,2021-05-29T16:20:32+08:00
dayschan,dayschan,I3QDG3,2021-05-18T10:17:16+08:00
kisnwang,kisnwang,I3QD9T,2021-05-24T23:28:00+08:00
chenlei_autodiff,xixixian,I3QCHI,2021-05-14T16:53:37+08:00
peilin-wang,peilin-wang,I3PXMW,2021-05-24T23:28:34+08:00
xiefangqi,xiefangqi,I3PWXY,2021-05-24T23:29:04+08:00
zhao_ting_v,jonyguo,I3PW33,2021-05-08T09:04:46+08:00
hangangqiang,YeFeng_24,I3PSYH,2021-06-18T11:34:23+08:00
cjh9368,cjh9368,I3PSFC,2021-05-24T23:19:37+08:00
cjh9368,cjh9368,I3PSDP,2021-05-24T23:18:55+08:00
jiaweizhuang,anyrenwei,I3PQFR,2021-05-18T09:06:43+08:00
jacinz,kingxian,I3POME,2021-05-11T17:16:52+08:00
donghufeng,donghufeng,I3P1IV,2021-05-24T23:17:57+08:00
shaoxiangdong,wuxuejian,I3P0HF,2021-05-24T23:15:11+08:00
youui,youui,I3P041,2021-05-24T23:14:16+08:00
clement_li,clement_li,I3OUFK,2021-05-24T23:13:00+08:00
m_mq,liubuyu,I3OSYM,2021-05-07T11:11:02+08:00
zhangbuxue,zhangbuxue,I3OL8L,2021-05-24T23:10:29+08:00
zhangbuxue,zhangbuxue,I3OL88,2021-04-29T09:50:22+08:00
zhangbuxue,zhangbuxue,I3OL1I,2021-04-29T09:50:46+08:00
zhangbuxue,zhangbuxue,I3OKWJ,2021-04-29T09:51:21+08:00
liuyang_655,liuyang_655,I3OKUN,2021-05-10T12:38:54+08:00
zhaochao27,linqingke,I3OIRG,2021-04-29T10:13:14+08:00
zikun97,liangchenghui,I3OFDO,2021-04-27T20:47:13+08:00
yypxpy,cheng_xiaoli,I3OFBV,2021-05-24T23:07:45+08:00
shaoxiangdong,wuxuejian,I3O9F6,2021-04-27T10:37:47+08:00
wangnan39,wangnan39,I3O8W0,2021-04-26T17:06:13+08:00
he-botao,mindwang,I3O8Q9,2021-04-29T11:42:53+08:00
jojobugfree,jojobugfree,I3O3EF,2021-05-24T23:04:45+08:00
luopengting,luopengting,I3O1FU,2021-04-25T16:11:30+08:00
shuzigood,shuzigood,I3O0KK,2021-06-11T10:38:56+08:00
liangzelang,zh_qh,I3NTVM,2021-04-23T18:13:48+08:00
lanzhineng,jjfeing,I3NRKP,2021-05-28T10:21:48+08:00
shuzigood,shuzigood,I3NQMQ,2021-04-23T14:10:14+08:00
lyh94,cristoval,I3NQ64,2021-06-07T15:33:16+08:00
chenfei52,xychow,I3NN2Q,2021-05-06T09:48:25+08:00
liuyang_655,liuyang_655,I3NGLJ,2021-06-02T09:35:17+08:00
yonibaehr_admin,zhang_xue_tong,I3MZ9N,2021-05-31T21:19:46+08:00
ms_yan,ms_yan,I3MXRO,2021-06-20T12:45:03+08:00
four_WW,Somnus2020,I3MRK3,2021-06-01T10:44:53+08:00
hangangqiang,zhanghaibo5,I3MHXM,2021-05-07T17:44:29+08:00
zhouyaqiang0,zhouyaqiang0,I3MG8U,2021-04-19T16:25:35+08:00
tronzhang,tronzhang,I3JCCJ,2021-05-12T10:33:28+08:00
zhujingxuan,zhujingxuan,I3J9XE,2021-04-27T09:32:01+08:00
four_WW,zhangbuxue,I3J8JJ,2021-06-10T15:12:04+08:00
zhou_hongfei,oacjiewen,I3J7P2,2021-04-27T21:14:31+08:00
bear0114,changzherui,I3IYSO,2021-04-16T11:52:27+08:00
xiefangqi,xiefangqi,I3IR5T,2021-04-15T11:46:07+08:00
xiefangqi,xiefangqi,I3IQ1P,2021-04-15T11:45:11+08:00
leidaowaijiao,oacjiewen,I3IORJ,2021-04-29T10:14:48+08:00
TFbunny,anyrenwei,I3IOBE,2021-04-15T11:41:50+08:00
zhu-jianpeng,wangmin0104,I3INES,2021-05-02T13:48:01+08:00
honghu-zero,kingxian,I3IMGU,2021-04-29T10:16:57+08:00
wangcong666,wangcong666,I3ILIJ,2021-04-16T17:23:10+08:00
tiancixiao,zhaizhiqiang,I3IGT2,2021-06-15T11:36:27+08:00
wittlu,oacjiewen,I3IG8G,2021-04-15T22:14:54+08:00
ZhengQihao3f3f3f,jonyguo,I3IAZY,2021-04-27T19:10:15+08:00
lidongsheng66,chujinjin,I3I9VK,2021-04-24T21:18:28+08:00
jacinz,liangchenghui,I3I88M,2021-04-29T10:22:11+08:00
ms_yan,c_34,I3I82F,2021-05-19T18:01:48+08:00
islam_amin,lilongfei15,I3I66L,2021-04-12T11:23:02+08:00
ms_yan,jojobugfree,I3I4R6,2021-04-12T14:55:35+08:00
wangnan39,zlq2020,I3I3YI,2021-04-15T12:12:00+08:00
cjh9368,cjh9368,I3I1LC,2021-04-15T09:00:32+08:00
echo_hua,chen_tanjie,I3I09B,2021-04-29T10:29:39+08:00
xulei2020,xulei2020,I3HWI3,2021-04-15T19:44:28+08:00
mengyuanli,mengyuanli,I3HVOD,2021-04-15T19:44:57+08:00
alouhahahahaha,alouhahahahaha,I3HNFW,2021-04-15T19:45:10+08:00
wangnan39,jjfeing,I3H9QD,2021-04-06T17:47:38+08:00
wangnan39,wanyiming,I3H9DY,2021-05-26T10:31:34+08:00
jxlang910,liangchenghui,I3ESON,2021-04-02T18:55:12+08:00
franck2333,gaoyong10,I3EQVE,2021-05-21T15:19:21+08:00
kisnwang,kisnwang,I3EOXQ,2021-04-07T11:00:50+08:00
wittlu,zhouyaqiang0,I3EOEO,2021-04-15T19:46:13+08:00
wangzhe128,wangzhe128,I3EK56,2021-04-15T19:31:41+08:00
zhaizhiqiang,zhaizhiqiang,I3EJK1,2021-04-01T16:31:21+08:00
cjdnfc,oacjiewen,I3E8HL,2021-04-15T19:47:08+08:00
zichun_ye,zichun_ye,I3E4OV,2021-03-31T12:00:01+08:00
c_34,wangnan39,I3E0NO,2021-04-13T10:34:36+08:00
zsk423200,oacjiewen,I3DUPQ,2021-05-21T15:20:16+08:00
lixintao2,oacjiewen,I3DUKS,2021-05-13T15:22:16+08:00
kcmao,oacjiewen,I3DTR8,2021-04-15T19:57:45+08:00
hangangqiang,hangangqiang,I3DTGQ,2021-04-26T15:16:20+08:00
wittlu,zhouyaqiang0,I3DPA8,2021-04-15T19:58:15+08:00
honghu-zero,oacjiewen,I3DP0T,2021-04-15T19:59:16+08:00
yang-hang-fr,laiyongqiang,I3DNO7,2021-04-15T21:03:53+08:00
jojobugfree,jojobugfree,I3DKBW,2021-04-15T18:54:57+08:00
yypxpy,wangnan39,I3D6S2,2021-05-13T10:22:47+08:00
hangangqiang,zhanghaibo5,I3D681,2021-05-07T16:48:48+08:00
taroxd,oacjiewen,I3D4EI,2021-04-15T20:56:19+08:00
chenyang_Marvin,oacjiewen,I3D42P,2021-04-29T11:06:23+08:00
wangzhe128,wangzhe128,I3CYEA,2021-04-15T18:47:17+08:00
lvyufeng,oacjiewen,I3CWCO,2021-04-29T11:08:37+08:00
lvyufeng,oacjiewen,I3CWAA,2021-04-29T11:08:56+08:00
lvyufeng,oacjiewen,I3CW70,2021-04-29T11:25:53+08:00
lvyufeng,liangchenghui,I3CW57,2021-05-10T22:07:54+08:00
lvyufeng,oacjiewen,I3CTT0,2021-04-29T11:05:12+08:00
lvyufeng,oacjiewen,I3CTL2,2021-04-29T11:04:38+08:00
cloud-dingyong,cheng_xiaoli,I3CSOM,2021-04-29T11:26:19+08:00
cuihulan,liangchenghui,I3CQGM,2021-04-29T11:31:55+08:00
zoloft,yangjie159,I3CQ9D,2021-04-15T19:06:15+08:00
lai-xinyi,xsmq,I3CMNW,2021-04-15T20:53:51+08:00
li-heng,oacjiewen,I3CH8I,2021-04-29T11:33:28+08:00
hyperxiangye,cheng_xiaoli,I3CAQW,2021-04-15T17:04:09+08:00
qingguoqincheng2021,cheng_xiaoli,I3CAPL,2021-04-25T19:17:06+08:00
yulanjie2021,cheng_xiaoli,I3CAOX,2021-04-15T17:03:05+08:00
wu_tian_yu9,liangchenghui,I3CAON,2021-06-10T14:21:45+08:00
zhangbuxue,zhangbuxue,I3CA24,2021-04-26T16:10:01+08:00
zhangbuxue,zhangbuxue,I3CA14,2021-04-15T17:02:11+08:00
qqq13579,yangzhenzhang,I3C8ZC,2021-04-15T17:00:33+08:00
liuyang_655,wangnan39,I3C00I,2021-04-07T21:10:46+08:00
qq484400384,c_34,I3BWVQ,2021-05-26T11:21:23+08:00
qqq13579,yangzhenzhang,I3BTXD,2021-04-15T17:07:01+08:00
guan_wen_cong,cheng_xiaoli,I3BNXV,2021-04-16T16:28:48+08:00
kzx2020,gemini524,I3BNBD,2021-05-21T15:21:40+08:00
william_lzw,changzherui,I3BN52,2021-04-15T16:49:59+08:00
wangnan39,wangnan39,I3BMZR,2021-06-10T22:08:10+08:00
hangangqiang,zhanghaibo5,I3BL72,2021-05-07T16:54:19+08:00
yypxpy,yanghaitao1,I3BJC6,2021-05-07T14:43:02+08:00
topbookcc,zhangbuxue,I3B7GR,2021-06-19T15:19:17+08:00
HypoZ,changzherui,I3B56O,2021-04-23T09:41:30+08:00
william_lzw,wangnan39,I3B3J5,2021-04-15T18:38:40+08:00
yypxpy,jonyguo,I3B2VW,2021-04-15T16:46:44+08:00
wangnan39,ivss,I3B2KT,2021-03-12T10:11:33+08:00
kisnwang,kisnwang,I3AZUC,2021-04-07T11:02:44+08:00
wangnan39,wangnan39,I3AZ3K,2021-04-07T21:11:13+08:00
lixiaohui33,lixiaohui33,I3AWO6,2021-04-15T16:27:56+08:00
wu-hongfa,zhouyaqiang0,I3AVW4,2021-04-15T16:27:39+08:00
william_lzw,oacjiewen,I3AUSE,2021-04-15T16:26:45+08:00
william_lzw,jonyguo,I3ATTL,2021-04-15T16:26:28+08:00
yangwm19,gengdongjie,I3ATRU,2021-04-15T16:26:17+08:00
honghu-zero,kingxian,I3APGB,2021-04-15T16:24:43+08:00
xiaopeizhou,oacjiewen,I3ANSA,2021-04-15T16:24:07+08:00
william_lzw,cheng_xiaoli,I3AJTS,2021-04-15T16:40:54+08:00
wu-hongfa,zhouyaqiang0,I3AHZS,2021-04-15T16:40:27+08:00
xiaopeizhou,oacjiewen,I3AHF7,2021-04-15T18:35:41+08:00
yangwm19,gengdongjie,I3AH4G,2021-04-15T17:46:27+08:00
xiaopeizhou,oacjiewen,I3AH14,2021-04-15T17:46:11+08:00
william_lzw,cristoval,I3AGYX,2021-05-07T17:24:30+08:00
yypxpy,chujinjin,I3AGYI,2021-04-15T17:45:22+08:00
lvyufeng,oacjiewen,I3AGO0,2021-04-15T17:45:04+08:00
zhang-guowen123,cristoval,I3AG8B,2021-04-15T17:46:51+08:00
tukjet,yao_yf,I3AF09,2021-04-15T17:19:28+08:00
yuncliu,xsmq,I3A8CB,2021-04-15T16:15:18+08:00
hit_zyh,liangchenghui,I3A14P,2021-05-11T20:11:10+08:00
jojobugfree,jojobugfree,I3A04Y,2021-04-15T15:57:05+08:00
dlliu123,ms_yan,I39YI1,2021-04-15T15:38:04+08:00
ms_yan,kingxian,I39YGS,2021-04-07T16:42:49+08:00
ms_yan,wangyue01,I39YCP,2021-04-07T16:32:00+08:00
ms_yan,wangyue01,I39SQT,2021-03-12T14:59:34+08:00
ms_yan,zh_qh,I39SPC,2021-04-26T10:34:32+08:00
zhouyifengCode,liangchenghui,I39I7V,2021-05-11T19:08:11+08:00
liu_xiao_93,liu_xiao_93,I39EZ5,2021-04-25T11:35:31+08:00
oacjiewen,zhouyaqiang0,I397U1,2021-02-26T16:50:59+08:00
liuyang_655,liuyang_655,I392R1,2021-04-07T21:11:18+08:00
lvyufeng,liangchenghui,I38WZ5,2021-03-16T19:30:04+08:00
lingxling,liangchenghui,I38WO4,2021-04-15T15:56:38+08:00
zhouyifengCode,ckey_dou,I38WAU,2021-04-12T14:10:18+08:00
louie5,louie5,I38V3E,2021-03-22T15:13:09+08:00
echo_hua,echo_hua,I38SKA,2021-02-24T09:17:51+08:00
luweizheng,wangyue01,I38SEX,2021-04-15T16:58:10+08:00
wangchengyuan,zoloft,I38C1V,2021-03-15T09:48:23+08:00
yangzhenzhang,yangzhenzhang,I384MY,2021-02-18T20:19:24+08:00
echo_hua,zjun3021,I383ES,2021-04-27T17:14:37+08:00
hwhewei,jjfeing,I37TWS,2021-06-16T14:31:41+08:00
wangnan39,wangnan39,I37PB1,2021-04-26T16:00:27+08:00
moonblue333,oacjiewen,I37JAT,2021-04-15T17:17:21+08:00
zhanghui_china,zhoufeng54,I37980,2021-04-21T11:01:31+08:00
ydwu4,cristoval,I372BC,2021-04-15T15:23:26+08:00
wangmin0104,wangnan39,I3693S,2021-04-07T21:13:51+08:00
luchengthu,zhangbuxue,I34S5Q,2021-04-15T15:21:00+08:00
luchengthu,oacjiewen,I34S49,2021-04-26T21:53:40+08:00
luchengthu,zhangbuxue,I34S3Y,2021-04-15T15:16:31+08:00
luchengthu,zhangbuxue,I34S3N,2021-04-15T15:16:12+08:00
moonblue333,kingxian,I34MY5,2021-04-15T15:15:52+08:00
moonblue333,zhangbuxue,I34MVS,2021-04-15T15:20:09+08:00
zhouyifengCode,jjfeing,I2T4H8,2021-06-12T12:20:17+08:00
zhanghui_china,hangangqiang,I2RKZA,2021-06-10T09:50:32+08:00
joylvliang,joylvliang,I2P7F3,2021-03-10T09:53:36+08:00
yoonlee666,zhangbuxue,I2NWBI,2021-06-10T09:50:16+08:00
lgarithm,cristoval,I2MAM1,2021-06-10T09:36:56+08:00
lgarithm,cristoval,I2MALT,2021-06-10T09:33:00+08:00
leozhujiang,xsmq,I2E9BI,2021-06-10T09:32:41+08:00
harasuki,yanghaitao1,I2E1C6,2021-06-10T09:32:00+08:00
ddwsky,ddwsky,I2DVYG,2021-06-10T09:49:34+08:00
sliawatimena,wuxuejian,I2DVEN,2021-06-10T09:30:00+08:00
skywalk,liucunwei,I2DS9F,2021-06-10T09:28:03+08:00
hangangqiang,zhang_xue_tong,I2DRQO,2021-05-18T16:16:17+08:00
yuzhenhua666,changzherui,I2DCXI,2021-04-25T17:58:18+08:00
wangnan39,ding_fei_fei,I2D9WL,2021-05-25T10:28:21+08:00
wangnan39,ding_fei_fei,I2D9WD,2021-02-09T12:31:43+08:00
wangnan39,Somnus2020,I2D9VY,2021-02-09T12:32:01+08:00
zhang-guowen123,changzherui,I2CXBG,2021-06-10T09:27:38+08:00
zhang-guowen123,kingxian,I2CX9C,2021-04-15T14:49:56+08:00
huwenfengde,ddwsky,I2CV3B,2021-06-10T09:27:04+08:00
junjiecheng,hangangqiang,I2C58E,2021-04-25T21:28:51+08:00
ahangchen,cristoval,I2C4K1,2021-05-25T16:14:57+08:00
nodentyk,hangangqiang,I2BUYQ,2021-06-09T09:22:43+08:00
shgao,shuzigood,I2BNB5,2021-05-26T11:04:10+08:00
deathy,liangchenghui,I2BKFK,2021-04-25T21:38:50+08:00
kangyangzc,ginfung,I2B4YT,2021-04-25T21:42:33+08:00
hangangqiang,zhang_xue_tong,I2AXZM,2021-05-07T17:28:59+08:00
ddwsky,ddwsky,I2AXVN,2021-04-15T14:41:10+08:00
AlbertCheese,jjfeing,I2AWJQ,2021-04-25T21:22:01+08:00
yyyzzzhao,zhangbuxue,I2A9SV,2021-06-10T15:10:26+08:00
zhanyuan1,zhang_xue_tong,I29UA4,2021-05-07T17:29:13+08:00
joylvliang,joylvliang,I29OZS,2021-02-24T16:46:31+08:00
wangnan39,wangnan39,I295WI,2021-06-04T16:56:05+08:00
zhaochao27,linqingke,I291ZH,2021-06-08T09:23:15+08:00
wangnan39,wangnan39,I28WB0,2021-06-08T09:22:49+08:00
wangnan39,wangnan39,I28VLP,2021-05-11T10:25:45+08:00
ms_yan,ms_yan,I28TEQ,2021-04-25T21:19:18+08:00
wangnan39,wangnan39,I28TAM,2021-06-08T09:21:50+08:00
wangnan39,wangnan39,I28T5Z,2021-06-08T09:21:32+08:00
guohun258520,oacjiewen,I28RW0,2021-04-26T20:31:36+08:00
echo_hua,chujinjin,I28MD1,2021-04-28T10:21:28+08:00
joylvliang,joylvliang,I28LGD,2021-04-25T21:14:58+08:00
wangnan39,kingxian,I28DC3,2021-05-25T10:32:30+08:00
echo_hua,kingxian,I2874B,2021-06-19T10:20:36+08:00
jameshsu,cristoval,I284ZL,2021-06-08T09:19:55+08:00
kang-ning,yuzhenhua666,I28178,2021-06-08T09:18:53+08:00
windaway,liangchenghui,I2811Z,2021-06-08T09:18:33+08:00
windaway,liangchenghui,I2810Q,2021-06-11T20:30:10+08:00
windaway,zhangbuxue,I2810B,2021-06-10T15:11:05+08:00
windaway,gaocongli_hw,I280ZX,2021-06-08T09:16:50+08:00
windaway,zhangbuxue,I280Z6,2021-06-08T09:15:55+08:00
windaway,liangchenghui,I280YM,2021-06-08T09:15:15+08:00
windaway,liangchenghui,I280XU,2021-06-07T09:47:16+08:00
amonakov,hangangqiang,I27XMU,2021-04-25T21:15:45+08:00
wangnan39,chujinjin,I27TD5,2021-04-28T10:27:13+08:00
lishixing3,lishixing3,I27NN6,2021-04-25T21:13:16+08:00
huwenfengde,hangangqiang,I271GP,2021-04-25T21:12:29+08:00
rock4you,xsmq,I26Y14,2021-06-07T09:46:30+08:00
echo_hua,chujinjin,I26STM,2021-04-28T10:27:43+08:00
wangnan39,kingxian,I26NEF,2021-05-10T19:49:14+08:00
zouxinhua,hangangqiang,I26IIW,2021-04-27T10:03:56+08:00
TFbunny,wuxuejian,I267IC,2021-04-27T10:03:35+08:00
wangnan39,wangnan39,I266QI,2021-04-22T14:51:10+08:00
wangnan39,yuchaojie,I266Q4,2021-05-26T16:10:57+08:00
echo_hua,mindspore_boy,I25RAY,2021-04-28T10:20:11+08:00
zjw374,jjfeing,I25LTR,2021-06-07T09:44:14+08:00
neoming,jonyguo,I25807,2021-04-27T09:54:41+08:00
zhengtao11_admin_admin,jonyguo,I257XT,2021-06-07T09:43:39+08:00
zxros10,jjfeing,I24F1B,2021-06-07T09:37:00+08:00
woshixiaoli,woshixiaoli,I23DGZ,2021-06-07T09:42:35+08:00
woshixiaoli,woshixiaoli,I23COR,2021-06-17T09:49:48+08:00
linqingke,linqingke,I23BM4,2021-04-27T09:47:11+08:00
liujunzhu,liujunzhu,I235H8,2021-04-27T09:46:48+08:00
wanyiming,liangchenghui,I22T3X,2021-05-10T22:22:03+08:00
echo_hua,zsj_mind,I22QR3,2021-04-28T10:33:43+08:00
HidyLi,HidyLi,I1Z7XP,2021-06-05T11:20:39+08:00
nj_ww,liucunwei,I1Z7WM,2021-06-05T11:20:28+08:00
HidyLi,HidyLi,I1YJOA,2021-06-05T11:20:02+08:00
liuyang_655,liuyang_655,I1Y78G,2021-04-27T09:38:50+08:00
liuyang_655,liuyang_655,I1Y76N,2021-06-01T23:42:48+08:00
changzherui,liuyang_655,I1XSPY,2021-06-01T17:21:32+08:00
changzherui,liuyang_655,I1XSDU,2021-04-27T09:38:25+08:00
AndersonZhang,cristoval,I1XCNO,2021-06-05T11:19:26+08:00
chenfei52,chenfei52,I1X199,2021-04-15T19:10:44+08:00
john_tzanakakis,sabrinasun_59ee,I1X0WO,2021-06-02T00:20:15+08:00
meinherz,zhoufeng54,I1WTNL,2021-06-05T11:18:46+08:00
yuan_shen_zhou,jjfeing,I1WFYK,2021-06-05T11:17:50+08:00
wangnan39,kingxian,I1W9ZJ,2021-06-05T11:17:33+08:00
peixu_ren,wuxuejian,I1W0SU,2021-06-05T11:15:33+08:00
firejohnny,zhangbuxue,I1VPKF,2021-05-14T09:47:19+08:00
zichun_ye,zichun_ye,I1VL8Y,2021-06-04T09:36:18+08:00
erpim,limingqi107,I1VAHP,2021-06-04T09:38:27+08:00
HidyLi,HidyLi,I1V9CA,2021-06-04T09:43:15+08:00
lixiaohui33,zh_qh,I1UJF6,2021-06-04T09:44:10+08:00
linqingke,linqingke,I1TE8O,2021-06-04T09:46:09+08:00
echo_hua,chen_tanjie,I1SPV4,2021-04-27T17:13:13+08:00
wilfchen,wilfchen,I1SNZJ,2021-04-20T19:45:33+08:00
echo_hua,chen_tanjie,I1SLVN,2021-04-27T17:13:28+08:00
amongo,zhangbuxue,I1S4U0,2021-04-27T08:55:29+08:00
amongo,zhangbuxue,I1S3PZ,2021-04-19T09:19:42+08:00
vlne-v1,zh_qh,I1QT7M,2021-04-30T09:26:54+08:00
wangnan39,changzherui,I1QSZR,2021-06-03T14:06:05+08:00
wangnan39,zhangbuxue,I1PZAI,2021-06-04T09:23:11+08:00
amongo,zhangbuxue,I1P0TV,2021-06-04T09:33:17+08:00
HidyLi,si_chasing,I1IR7J,2021-04-26T09:10:05+08:00
